,date,break_inflate10,cpi,employ_rate,indust_prod,mortgage_rate30
0,2003-01-01,1.7542857142857144,0.442233278054161,71.590301041552,91.2395,5.916
1,2003-02-01,1.9126315789473685,0.770500825536602,71.520525572418,91.3384,5.8425
2,2003-03-01,1.8628571428571428,0.600764609502999,71.3962247233074,91.069,5.745
3,2003-04-01,1.7747619047619048,-0.217155266015187,71.3785560171925,90.4913,5.8125
4,2003-05-01,1.660952380952381,-0.163220892274219,71.2130606380087,90.4697,5.484
5,2003-06-01,1.6123809523809525,0.108991825613079,71.2152858842565,90.5899,5.23
6,2003-07-01,1.8659090909090907,0.108873162765379,70.9899525055814,91.0614,5.6325
7,2003-08-01,2.124761904761905,0.380641653072316,71.0028448672143,90.8452,6.264
8,2003-09-01,2.088095238095238,0.325027085590467,70.9193305384194,91.4453,6.1475
9,2003-10-01,2.214090909090909,-0.107991360691145,71.0562542022881,91.5595,5.952
10,2003-11-01,2.3361111111111112,-0.270270270270264,71.1372722212026,92.1763,5.9325
11,2003-12-01,2.2840909090909087,-0.108401084010841,71.1180680698462,92.2532,5.876
12,2004-01-01,2.263,0.48833423765599,71.2780213640104,92.4067,5.7125
13,2004-02-01,2.3221052631578947,0.539956803455712,71.2085764918784,92.9687,5.635
14,2004-03-01,2.361304347826087,0.644468313641263,71.0498755104184,92.6,5.445
15,2004-04-01,2.4447619047619047,0.320170757737461,71.1827375520786,92.9761,5.83
16,2004-05-01,2.6255,0.585106382978719,71.1316271293343,93.6446,6.27
17,2004-06-01,2.587619047619048,0.317292437863566,71.1071881156762,92.9303,6.2875
18,2004-07-01,2.473809523809524,-0.158144438587237,71.3039331222768,93.6109,6.056
19,2004-08-01,2.4218181818181814,0.0527983104540587,71.2652375305179,93.6958,5.8675
20,2004-09-01,2.3266666666666667,0.211081794195252,71.1524084377982,93.7958,5.754
21,2004-10-01,2.368,0.526592943654557,71.2223628472311,94.6226,5.7225
22,2004-11-01,2.518,0.0523834468308086,71.3633425814826,94.8491,5.73
23,2004-12-01,2.5622727272727275,-0.366492146596853,71.3000935353956,95.5841,5.752
24,2005-01-01,2.498,0.210194429847596,71.3085884749495,95.9285,5.71
25,2005-02-01,2.534210526315789,0.576822233875206,71.2243994953807,96.6287,5.6275
26,2005-03-01,2.710454545454545,0.782064650677772,71.2667416166326,96.4907,5.928
27,2005-04-01,2.6352380952380954,0.672529746508014,71.4359440622127,96.6809,5.855
28,2005-05-01,2.490952380952381,-0.102774922918795,71.529195172953,96.7925,5.72
29,2005-06-01,2.323636363636364,0.0514403292181004,71.4949058844283,97.19,5.582
30,2005-07-01,2.301,0.462724935732656,71.6271914165424,96.8981,5.695
31,2005-08-01,2.3734782608695646,0.511770726714434,71.825859694845,97.2223,5.82
32,2005-09-01,2.5,1.22199592668025,71.6873740295124,95.3463,5.774
33,2005-10-01,2.521,0.201207243460752,71.6916608423074,96.4981,6.065
34,2005-11-01,2.4715,-0.803212851405626,71.5566824179752,97.5646,6.33
35,2005-12-01,2.343809523809524,-0.40485829959513,71.6265485558287,98.0222,6.272
36,2006-01-01,2.41,0.762195121951216,71.6895991497311,98.2044,6.145
37,2006-02-01,2.52,0.20171457387795,71.7744765503154,98.2404,6.2525
38,2006-03-01,2.526521739130435,0.55359838953198,71.8418617060153,98.4742,6.324
39,2006-04-01,2.581578947368421,0.850850850850834,71.7891993760428,98.7765,6.5075
40,2006-05-01,2.6640909090909086,0.496277915632743,71.8702066749912,98.7884,6.5975
41,2006-06-01,2.5768181818181817,0.197530864197532,72.0071905281041,99.1069,6.682
42,2006-07-01,2.5805,0.295712173484489,72.0060972130261,99.0357,6.7625
43,2006-08-01,2.5856521739130436,0.196560196560197,72.0980949656158,99.4583,6.524
44,2006-09-01,2.3995,-0.490436488474757,72.0504551296735,99.2544,6.4025
45,2006-10-01,2.317619047619048,-0.542138984721521,72.2415498643479,99.1514,6.3575
46,2006-11-01,2.3033333333333332,-0.148662041625379,72.177871642104,99.0974,6.24
47,2006-12-01,2.314,0.148883374689833,72.3239543947371,100.1117,6.135
48,2007-01-01,2.322857142857143,0.305252725470763,72.139503345627,99.7226,6.2175
49,2007-02-01,2.3621052631578947,0.535036755987662,71.9761165952544,100.6919,6.285
50,2007-03-01,2.3877272727272727,0.910569585108543,72.0181885768682,100.8857,6.156
51,2007-04-01,2.438095238095238,0.649616268650889,71.7054896123521,101.5777,6.18
52,2007-05-01,2.372727272727273,0.61107186747047,71.7538827311369,101.6481,6.262
53,2007-06-01,2.4119047619047618,0.193797517660565,71.7690694688182,101.6741,6.6575
54,2007-07-01,2.367619047619048,-0.0254377207802054,71.7336101028144,101.5627,6.695
55,2007-08-01,2.236521739130435,-0.183390222708711,71.5672197583377,101.7751,6.572
56,2007-09-01,2.264210526315789,0.275590740535893,71.6966198006067,102.0279,6.3825
57,2007-10-01,2.325454545454545,0.213919132812117,71.5786506604714,101.7289,6.375
58,2007-11-01,2.3805,0.593961787341581,71.7746133524388,102.3185,6.208
59,2007-12-01,2.3085,-0.0670863129647814,71.5516063292698,102.3074,6.095
60,2008-01-01,2.275238095238095,0.497057647260469,71.6800484400066,102.1686,5.758
61,2008-02-01,2.3325,0.290411218495348,71.4369118000464,101.7673,5.9175
62,2008-03-01,2.419,0.866821293098967,71.4061608789098,101.3986,5.97
63,2008-04-01,2.312727272727273,0.606477838971956,71.4276370916716,100.7238,5.9175
64,2008-05-01,2.42,0.842088603175631,71.2037642380171,100.1399,6.036
65,2008-06-01,2.470952380952381,1.0076996934894,71.1269159337434,99.9141,6.32
66,2008-07-01,2.438636363636364,0.525101112812213,70.937636901895,99.4943,6.426
67,2008-08-01,2.2095238095238092,-0.399156225564174,70.7181350893681,97.9367,6.4775
68,2008-09-01,1.836190476190476,-0.138301854066455,70.5401354863845,93.6585,6.0375
69,2008-10-01,1.0618181818181818,-1.01013332845789,70.3921624541644,94.5845,6.2
70,2008-11-01,0.6383333333333333,-1.91528953285958,69.9427328553655,93.3455,6.0875
71,2008-12-01,0.2463636363636363,-1.03424738142875,69.5577947283494,90.7183,5.286
72,2009-01-01,0.6055,0.435241737542101,69.0257983293436,88.4683,5.0475
73,2009-02-01,1.1178947368421053,0.497293303590475,68.7251597468445,87.936,5.13
74,2009-03-01,1.1104545454545456,0.24317484554154,68.2127478725949,86.5503,5.0025
75,2009-04-01,1.3595238095238096,0.249636827778799,68.1206017287841,85.8598,4.81
76,2009-05-01,1.576,0.288876383417745,67.765267199825,84.9991,4.8575
77,2009-06-01,1.8595454545454544,0.858989226395336,67.8107342406782,84.7277,5.42
78,2009-07-01,1.7395454545454545,-0.158558692215323,67.700473157328,85.7091,5.222
79,2009-08-01,1.8133333333333332,0.224285004481049,67.3283197873506,86.6333,5.1925
80,2009-09-01,1.76,0.0625480693495817,66.8810825854458,87.3615,5.0575
81,2009-10-01,1.9042857142857144,0.0963101185818578,66.6032130891126,87.5488,4.952
82,2009-11-01,2.127368421052632,0.0707753368767079,66.6709080431365,87.9144,4.875
83,2009-12-01,2.225454545454545,-0.176119816946313,66.4104910427229,88.2318,4.93
84,2010-01-01,2.358421052631579,0.34174735701485,66.7505925754232,89.1936,5.03
85,2010-02-01,2.272105263157895,0.024920738207648,66.7092136871639,89.5089,4.99
86,2010-03-01,2.219130434782609,0.410628353657108,66.7321568130846,90.1449,4.9675
87,2010-04-01,2.3459090909090907,0.173688491069743,66.8683254589104,90.474,5.098
88,2010-05-01,2.113,0.0775197354237721,66.7554696738028,91.7131,4.8875
89,2010-06-01,1.9472727272727277,-0.0976267084673888,66.7520567156574,91.9287,4.7375
90,2010-07-01,1.7704761904761903,0.0211043057371509,66.7323185367671,92.2737,4.564
91,2010-08-01,1.6768181818181818,0.138066427840807,66.7832110698219,92.615,4.4275
92,2010-09-01,1.7385714285714287,0.0581736230715569,66.6597532226862,92.8668,4.346
93,2010-10-01,2.015,0.124519888847696,66.4584535056681,92.6138,4.225
94,2010-11-01,2.097,0.0420646423819507,66.3683336497509,92.6772,4.3
95,2010-12-01,2.2468181818181816,0.171844078920309,66.4939201117287,93.5741,4.714
96,2011-01-01,2.3335,0.476323005397414,66.6807657789058,93.3793,4.755
97,2011-02-01,2.338421052631579,0.493136502545162,66.5986282813945,93.0051,4.9525
98,2011-03-01,2.450434782608696,0.975107203050938,66.6859957531607,93.978,4.836
99,2011-04-01,2.5915,0.643942953545699,66.5396741943576,93.6525,4.84
100,2011-05-01,2.39,0.470418752723364,66.5367368418862,93.7878,4.6375
101,2011-06-01,2.2468181818181816,-0.107096705669922,66.4142840251652,94.0378,4.51
102,2011-07-01,2.3795,0.0886045666793554,66.4014070580733,94.5146,4.545
103,2011-08-01,2.167826086956522,0.27575889023645,66.6670105887331,95.1263,4.27
104,2011-09-01,1.897619047619048,0.151846211569461,66.6871110191237,95.0732,4.106
105,2011-10-01,1.966,-0.206268263335836,66.6656931488602,95.7291,4.0675
106,2011-11-01,2.012,-0.084356133044206,66.8165631175465,95.7455,3.9925
107,2011-12-01,2.009523809523809,-0.246651637713817,66.8545615823147,96.2147,3.958
108,2012-01-01,2.0745,0.440019142826751,66.9292766087968,96.8051,3.915
109,2012-02-01,2.222,0.440297355127631,66.9657633658117,97.1033,3.89
110,2012-03-01,2.314090909090909,0.759455862393086,66.9864892053427,96.5973,3.954
111,2012-04-01,2.2666666666666666,0.302102950408034,66.9227886246138,97.3006,3.91
112,2012-05-01,2.1445454545454545,-0.117347936632105,67.062709487553,97.5046,3.798
113,2012-06-01,2.1228571428571428,-0.146639688445049,67.1295575588837,97.4903,3.675
114,2012-07-01,2.128571428571429,-0.162978586182561,67.0484954498939,97.7234,3.55
115,2012-08-01,2.2639130434782606,0.556515818143709,67.0050762256049,97.313,3.602
116,2012-09-01,2.436315789473684,0.446221226761131,67.3124816485369,97.2405,3.4975
117,2012-10-01,2.494761904761905,-0.0388925140553232,67.4957639259823,97.561,3.3825
118,2012-11-01,2.4265,-0.473808669488188,67.2776806702658,97.9589,3.352
119,2012-12-01,2.4765,-0.269306449020735,67.295499722041,98.2061,3.345
120,2013-01-01,2.523333333333333,0.295730419292604,67.2601753893676,98.199,3.414
121,2013-02-01,2.5547368421052634,0.819002952926876,67.2430265346018,98.6835,3.5325
122,2013-03-01,2.5425,0.261450858437495,67.1769388088125,99.0994,3.565
123,2013-04-01,2.4113636363636366,-0.103963947708716,67.2722124496272,98.9898,3.445
124,2013-05-01,2.283181818181818,0.178040777358723,67.3424273149896,99.0782,3.536
125,2013-06-01,2.0485,0.23997080855995,67.3666438868889,99.2141,4.07
126,2013-07-01,2.1222727272727275,0.0393997533233011,67.4912681555898,98.9132,4.37
127,2013-08-01,2.1845454545454546,0.12029315570472,67.4193912051253,99.4891,4.456
128,2013-09-01,2.1455,0.116300448526347,67.4693897785184,100.0172,4.49
129,2013-10-01,2.1872727272727275,-0.257528325980464,67.1286719912497,99.9038,4.192
130,2013-11-01,2.1705263157894734,-0.204242419052338,67.4418178575009,100.1479,4.255
131,2013-12-01,2.163333333333333,-0.008581149788259,67.5381834022227,100.3576,4.4575
132,2014-01-01,2.226190476190476,0.372024767323605,67.713424055031,99.9828,4.432
133,2014-02-01,2.157368421052632,0.369790865096873,67.6850762124879,100.7485,4.3025
134,2014-03-01,2.167619047619048,0.644004412622824,67.9170699495453,101.7391,4.3425
135,2014-04-01,2.1623809523809525,0.329675445315773,67.9419020673832,101.8023,4.3375
136,2014-05-01,2.190952380952381,0.34926098400487,68.0292551537825,102.2116,4.192
137,2014-06-01,2.2290476190476194,0.186212694409411,68.1572737318671,102.5637,4.1625
138,2014-07-01,2.2627272727272727,-0.0390193964161093,68.1741412264662,102.8425,4.13
139,2014-08-01,2.196190476190476,-0.167051416579219,68.2313762663376,102.6499,4.115
140,2014-09-01,2.0733333333333333,0.0752568824311014,68.2820127436762,102.9647,4.1625
141,2014-10-01,1.92,-0.251227781255389,68.572165841129,102.9704,4.036
142,2014-11-01,1.88,-0.539941794106119,68.5097253423396,103.6017,3.9975
143,2014-12-01,1.6968181818181818,-0.567010091001089,68.4813856954215,103.592,3.864
144,2015-01-01,1.607,-0.470589237347324,68.5453485026494,102.798,3.67
145,2015-02-01,1.7152631578947368,0.434304492377206,68.5363487445016,102.1554,3.71
146,2015-03-01,1.7618181818181817,0.595172161109732,68.429595312507,101.8077,3.77
147,2015-04-01,1.8581818181818184,0.203287325458769,68.6908873511542,101.2285,3.672
148,2015-05-01,1.8655,0.509723202549469,68.7994678936566,100.7536,3.84
149,2015-06-01,1.8659090909090907,0.350286999852812,68.6899440898726,100.4529,3.9825
150,2015-07-01,1.8209090909090908,0.0067047159295661,68.6388805853845,101.11,4.046
151,2015-08-01,1.6114285714285714,-0.141627628281935,68.7642004443196,100.8802,3.905
152,2015-09-01,1.522857142857143,-0.155675657530359,68.6530404045687,100.608,3.89
153,2015-10-01,1.4985714285714287,-0.0449683750446447,68.7160142282045,100.151,3.796
154,2015-11-01,1.5705263157894735,-0.211068037908146,68.8661819786136,99.3817,3.9425
155,2015-12-01,1.515,-0.341709643711866,69.0786254480948,98.8572,3.964
156,2016-01-01,1.42,0.165310220906868,69.1885682905582,99.4086,3.8725
157,2016-02-01,1.3075,0.0823076533454985,69.2629232205729,98.8946,3.66
158,2016-03-01,1.5518181818181818,0.430600014339268,69.2845483023272,98.1385,3.694
159,2016-04-01,1.6147619047619048,0.4741067979104,69.1817270278295,98.4364,3.605
160,2016-05-01,1.5942857142857143,0.404579099811517,69.2919246598804,98.2096,3.6
161,2016-06-01,1.47,0.328436616728188,69.2037057560424,98.6766,3.568
162,2016-07-01,1.4655,-0.161813640474981,69.2874197251422,98.8371,3.44
163,2016-08-01,1.4682608695652175,0.0918430107884498,69.3927793860314,98.7302,3.435
164,2016-09-01,1.5147619047619048,0.240399586462898,69.427981213869,98.6287,3.46
165,2016-10-01,1.667,0.124674851301432,69.4125863679329,98.7126,3.47
166,2016-11-01,1.822,-0.155546086733514,69.5393063072282,98.3004,3.77
167,2016-12-01,1.9357142857142855,0.0327321392317517,69.5607163684584,98.9063,4.198
168,2017-01-01,2.0115,0.582772789025459,69.647420387107,98.7349,4.15
169,2017-02-01,2.0189473684210526,0.314611738641666,69.7166860940023,98.4178,4.1675
170,2017-03-01,1.9960869565217392,0.0812797871947232,70.013568934405,99.0726,4.196
171,2017-04-01,1.906315789473684,0.296553336532688,70.0978711107528,100.0545,4.045
172,2017-05-01,1.8368181818181817,0.0854721826896363,70.0132095657868,100.139,4.01
173,2017-06-01,1.7286363636363635,0.0907111014861139,70.1035436990441,100.3148,3.904
174,2017-07-01,1.772,-0.0689922638852295,70.1774994075044,100.1418,3.9675
175,2017-08-01,1.7756521739130435,0.299445229710857,70.1613236615367,99.6878,3.88
176,2017-09-01,1.834,0.529490589323034,70.4771525703282,99.7829,3.805
177,2017-10-01,1.8619047619047615,-0.0632042103727646,70.2432784906938,101.0401,3.895
178,2017-11-01,1.857619047619048,0.0024324685907436,70.2800187060833,101.226,3.922
179,2017-12-01,1.8995,-0.05878322772623,70.2753168850262,101.3878,3.95
180,2018-01-01,2.043809523809524,0.544774545277541,70.3218647659483,101.345,4.0325
181,2018-02-01,2.101578947368421,0.45346899748655,70.602755660127,101.7068,4.33
182,2018-03-01,2.0904761904761906,0.226112590414904,70.5587697203744,102.2785,4.444
183,2018-04-01,2.127619047619048,0.397509156334893,70.5854330271886,103.434,4.4675
184,2018-05-01,2.1418181818181816,0.4158916925435,70.74112062913,102.4735,4.586
185,2018-06-01,2.117619047619048,0.159387570154372,70.7044736106178,103.2508,4.57
186,2018-07-01,2.1142857142857143,0.0067463262285171,70.8664436699622,103.4588,4.5275
187,2018-08-01,2.0991304347826087,0.0555542328357295,70.5823212445349,104.1802,4.55
188,2018-09-01,2.123157894736842,0.116202517589025,70.7671393157373,104.1665,4.6275
189,2018-10-01,2.1113636363636363,0.176676345572587,70.9041356413284,104.0476,4.83
190,2018-11-01,2.004,-0.334934851810097,70.9690866176418,103.9603,4.866
191,2018-12-01,1.816315789473684,-0.319396281513109,70.9888423728433,103.869,4.6375
192,2019-01-01,1.7938095238095237,0.190659666524684,71.0183161919874,103.2684,4.464
193,2019-02-01,1.8768421052631576,0.422705314009692,71.0436824259881,102.8157,4.37
194,2019-03-01,1.9128571428571428,0.564135835680577,71.0782668697214,102.9,4.265
195,2019-04-01,1.9366666666666668,0.529500161289074,71.1551357405857,102.3826,4.1425
196,2019-05-01,1.8263636363636364,0.212875858938411,71.1534581112532,102.5756,4.072
197,2019-06-01,1.7,0.0199147181481604,71.2522373251786,102.5928,3.8025
198,2019-07-01,1.7527272727272727,0.167094162245338,71.2659349298549,102.2012,3.765
199,2019-08-01,1.5863636363636364,-0.0050668236082818,71.435857606254,102.9086,3.616
200,2019-09-01,1.587,0.0783448576930001,71.722503011687,102.579,3.605
201,2019-10-01,1.5609090909090908,0.228619055223,71.6872132449707,101.7775,3.688
202,2019-11-01,1.6405263157894736,-0.0536243034669465,71.676520708024,102.0979,3.695
203,2019-12-01,1.718095238095238,-0.0909769525053793,71.6886133194083,101.7632,3.72
204,2020-01-01,1.720952380952381,0.387976993781487,71.7723759997382,101.303,3.624
205,2020-02-01,1.6157894736842104,0.274061813149543,71.7896749519518,101.7038,3.465
206,2020-03-01,0.9868181818181818,-0.217645103178479,70.5640084963265,97.8746,3.45
207,2020-04-01,1.1033333333333333,-0.668694186699718,60.2610143723991,84.959,3.306
208,2020-05-01,1.1155,0.0019501616684046,62.2463802351853,86.3345,3.2325
209,2020-06-01,1.2731818181818182,0.547204692777511,64.7914862855258,91.7523,3.1625
210,2020-07-01,1.4563636363636363,0.505824350167009,65.3930703578838,95.2439,3.016
211,2020-08-01,1.6614285714285715,0.315321052408127,66.8612969082355,96.1173,2.935
212,2020-09-01,1.6561904761904762,0.13927469432666,66.9347058521512,96.0711,2.89
213,2020-10-01,1.7038095238095239,0.0414937759336148,67.8390574556321,96.825,2.834
214,2020-11-01,1.7121052631578948,-0.0610627217844138,67.7674252079069,97.1183,2.765
215,2020-12-01,1.9159090909090908,0.0941478467042597,67.9143578034385,98.138,2.684
216,2021-01-01,2.081578947368421,0.425378348702726,68.1853422641732,99.2645,2.735
217,2021-02-01,2.18,0.547438279392344,68.4053612347381,96.2231,2.81
218,2021-03-01,2.275217391304348,0.708327313374951,68.5972296492332,98.8621,3.0825
219,2021-04-01,2.3495454545454546,0.821890915406006,68.7026121620012,99.0246,3.06
220,2021-05-01,2.468,0.80171051547627,68.9805578004634,99.7785,2.9625
221,2021-06-01,2.3427272727272728,0.929066290235704,69.1190378782145,100.1923,2.975
222,2021-07-01,2.327619047619048,0.481052352629404,69.6649675513063,100.8724,2.868
223,2021-08-01,2.348636363636364,0.206591136361161,69.6937330684859,100.837,2.8425
224,2021-09-01,2.3442857142857143,0.271597085905821,69.9626828916781,99.8498,2.9
225,2021-10-01,2.535,0.830811855200318,70.1343632590842,101.3602,3.0675
226,2021-11-01,2.616,0.491342750434762,70.5873172816882,101.961,3.0675
227,2021-12-01,2.4581818181818185,0.307251716148357,70.7996098073062,101.7587,3.098
228,2022-01-01,2.4495,0.841457378354523,70.7488988647949,102.146,3.445
229,2022-02-01,2.457894736842105,0.913397925647697,70.890306613295,102.9981,3.7625
230,2022-03-01,2.8465217391304347,1.33513795485627,71.3116222604716,103.7286,4.172
231,2022-04-01,2.884,0.558253102565497,71.2623781144524,104.5224,4.9825
232,2022-05-01,2.6885714285714286,1.10235239995988,71.3854159587639,104.5729,5.23
233,2022-06-01,2.617619047619048,,71.2541645541834,104.3648,5.522
234,2022-07-01,2.362,,,,5.4125
235,1960-01-01,,-0.34013605442177,,24.2247,
236,1960-02-01,,0.341296928327646,,24.0092,
237,1960-03-01,,0.0,,23.7936,
238,1960-04-01,,0.34013605442177,,23.605,
239,1960-05-01,,0.0,,23.578,
240,1960-06-01,,0.338983050847448,,23.2816,
241,1960-07-01,,0.0,,23.2008,
242,1960-08-01,,0.0,,23.1738,
243,1960-09-01,,0.0,,22.9313,
244,1960-10-01,,0.675675675675678,,22.9044,
245,1960-11-01,,0.0,,22.581,
246,1960-12-01,,0.0,,22.1499,
247,1961-01-01,,0.0,,22.1768,
248,1961-02-01,,0.0,,22.1499,
249,1961-03-01,,0.0,,22.2846,
250,1961-04-01,,0.0,,22.7427,
251,1961-05-01,,0.0,,23.093,
252,1961-06-01,,0.0,,23.4164,
253,1961-07-01,,0.671140939597318,,23.6858,
254,1961-08-01,,-0.333333333333335,,23.9014,
255,1961-09-01,,0.334448160535118,,23.8745,
256,1961-10-01,,0.0,,24.3325,
257,1961-11-01,,0.0,,24.7098,
258,1961-12-01,,0.0,,24.9253,
259,1962-01-01,,0.0,,24.7098,
260,1962-02-01,,0.333333333333335,,25.114,
261,1962-03-01,,0.0,,25.2487,
262,1962-04-01,,0.332225913621264,,25.3026,
263,1962-05-01,,0.0,,25.2756,
264,1962-06-01,,0.0,,25.2218,
265,1962-07-01,,0.331125827814571,,25.4643,
266,1962-08-01,,0.0,,25.4912,
267,1962-09-01,,0.330033003300331,,25.6529,
268,1962-10-01,,0.0,,25.6799,
269,1962-11-01,,0.0,,25.7876,
270,1962-12-01,,0.0,,25.7876,
271,1963-01-01,,0.0,,25.9762,
272,1963-02-01,,0.0,,26.2727,
273,1963-03-01,,0.328947368421054,,26.4344,
274,1963-04-01,,0.0,,26.6769,
275,1963-05-01,,0.0,,27.0002,
276,1963-06-01,,0.327868852459018,,27.0811,
277,1963-07-01,,0.326797385620916,,26.9733,
278,1963-08-01,,0.0,,27.0272,
279,1963-09-01,,0.0,,27.2966,
280,1963-10-01,,0.325732899022803,,27.4853,
281,1963-11-01,,0.0,,27.62,
282,1963-12-01,,0.324675324675326,,27.5661,
283,1964-01-01,,0.0,,27.8086,
284,1964-02-01,,0.0,,27.9972,
285,1964-03-01,,0.0,,27.9972,
286,1964-04-01,,0.0,,28.4553,
287,1964-05-01,,0.0,,28.617,
288,1964-06-01,,0.323624595469257,,28.6978,
289,1964-07-01,,0.322580645161292,,28.8865,
290,1964-08-01,,-0.32154340836013,,29.0751,
291,1964-09-01,,0.322580645161292,,29.1829,
292,1964-10-01,,0.0,,28.7787,
293,1964-11-01,,0.321543408360109,,29.6679,
294,1964-12-01,,0.0,,30.0182,
295,1965-01-01,,0.0,,30.3416,
296,1965-02-01,,0.0,,30.5302,
297,1965-03-01,,0.320512820512822,,30.9344,
298,1965-04-01,,0.319488817891375,,31.0691,
299,1965-05-01,,0.0,,31.3116,
300,1965-06-01,,0.636942675159238,,31.5541,
301,1965-07-01,,0.0,,31.8506,
302,1965-08-01,,0.0,,31.9853,
303,1965-09-01,,0.0,,32.0661,
304,1965-10-01,,0.316455696202533,,32.3895,
305,1965-11-01,,0.0,,32.5242,
306,1965-12-01,,0.315457413249213,,32.9284,
307,1966-01-01,,0.0,,33.2518,
308,1966-02-01,,0.628930817610066,,33.4674,
309,1966-03-01,,0.312500000000001,,33.9254,
310,1966-04-01,,0.62305295950156,,33.9793,
311,1966-05-01,,0.0,,34.3027,
312,1966-06-01,,0.309597523219816,,34.4643,
313,1966-07-01,,0.308641975308643,,34.653,
314,1966-08-01,,0.615384615384618,,34.6799,
315,1966-09-01,,0.0,,35.0033,
316,1966-10-01,,0.611620795107036,,35.2458,
317,1966-11-01,,0.0,,35.0033,
318,1966-12-01,,0.0,,35.0841,
319,1967-01-01,,0.0,,35.2496,
320,1967-02-01,,0.0,,34.8498,
321,1967-03-01,,0.303951367781156,,34.6534,
322,1967-04-01,,0.303030303030304,,34.9802,
323,1967-05-01,,0.302114803625359,,34.675,
324,1967-06-01,,0.30120481927711,,34.6707,
325,1967-07-01,,0.300300300300302,,34.5918,
326,1967-08-01,,0.299401197604792,,35.2545,
327,1967-09-01,,0.298507462686568,,35.1972,
328,1967-10-01,,0.297619047619049,,35.4839,
329,1967-11-01,,0.296735905044512,,35.9914,
330,1967-12-01,,0.295857988165682,,36.379,
331,1968-01-01,,0.589970501474929,,36.3399,
332,1968-02-01,,0.293255131964811,,36.4701,
333,1968-03-01,,0.292397660818715,,36.5839,
334,1968-04-01,,0.291545189504355,,36.6369,
335,1968-05-01,,0.290697674418606,,37.0478,
336,1968-06-01,,0.579710144927539,,37.1839,
337,1968-07-01,,0.576368876080694,,37.1269,
338,1968-08-01,,0.2865329512894,,37.2305,
339,1968-09-01,,0.285714285714287,,37.3715,
340,1968-10-01,,0.569800569800572,,37.4457,
341,1968-11-01,,0.283286118980171,,37.9301,
342,1968-12-01,,0.282485875706216,,38.0499,
343,1969-01-01,,0.281690140845053,,38.2801,
344,1969-02-01,,0.561797752808991,,38.525,
345,1969-03-01,,0.837988826815646,,38.8271,
346,1969-04-01,,0.554016620498617,,38.6842,
347,1969-05-01,,0.275482093663913,,38.538,
348,1969-06-01,,0.549450549450552,,38.9145,
349,1969-07-01,,0.546448087431696,,39.12,
350,1969-08-01,,0.543478260869567,,39.2099,
351,1969-09-01,,0.270270270270271,,39.2011,
352,1969-10-01,,0.539083557951485,,39.2125,
353,1969-11-01,,0.536193029490619,,38.8429,
354,1969-12-01,,0.533333333333318,,38.7387,
355,1970-01-01,,0.265251989389922,,38.0213,
356,1970-02-01,,0.529100529100531,,37.9963,
357,1970-03-01,,0.526315789473686,,37.9469,
358,1970-04-01,,0.785340314136129,,37.8494,
359,1970-05-01,,0.259740259740261,,37.8053,
360,1970-06-01,,0.518134715025909,,37.683,
361,1970-07-01,,0.515463917525775,,37.7755,
362,1970-08-01,,0.0,,37.7081,
363,1970-09-01,,0.512820512820515,,37.4482,
364,1970-10-01,,0.510204081632655,,36.6991,
365,1970-11-01,,0.507614213197955,,36.4768,
366,1970-12-01,,0.505050505050507,,37.3145,
367,1971-01-01,,0.0,,37.6015,
368,1971-02-01,,0.251256281407036,,37.5299,
369,1971-03-01,,0.250626566416041,,37.4892,
370,1971-04-01,,0.250000000000001,,37.6998,7.31
371,1971-05-01,,0.498753117206985,,37.8911,7.425
372,1971-06-01,,0.744416873449134,,38.05,7.53
373,1971-07-01,,0.246305418719197,,37.9395,7.604
374,1971-08-01,,0.245700245700247,,37.7193,7.6975
375,1971-09-01,,0.0,,38.3324,7.6875
376,1971-10-01,,0.245098039215687,,38.6193,7.628
377,1971-11-01,,0.0,,38.7832,7.55
378,1971-12-01,,0.488997555012227,,39.2309,7.48
379,1972-01-01,,0.0,,40.1688,7.4375
380,1972-02-01,,0.486618004866182,,40.5837,7.325
381,1972-03-01,,0.242130750605328,,40.8655,7.298
382,1972-04-01,,0.241545893719808,,41.2656,7.29
383,1972-05-01,,0.240963855421688,,41.2706,7.3725
384,1972-06-01,,0.240384615384616,,41.3786,7.372
385,1972-07-01,,0.479616306954438,,41.3347,7.395
386,1972-08-01,,0.238663484486859,,41.9046,7.4
387,1972-09-01,,0.238095238095239,,42.2284,7.42
388,1972-10-01,,0.475059382422805,,42.7745,7.42
389,1972-11-01,,0.236406619385344,,43.2795,7.4275
390,1972-12-01,,0.235849056603775,,43.7695,7.442
391,1973-01-01,,0.23529411764706,,44.0847,7.4375
392,1973-02-01,,0.704225352112679,,44.7242,7.44
393,1973-03-01,,0.932400932400936,,44.7435,7.458
394,1973-04-01,,0.692840646651273,,44.6782,7.5425
395,1973-05-01,,0.688073394495416,,44.9741,7.6525
396,1973-06-01,,0.683371298405455,,45.0257,7.734
397,1973-07-01,,0.226244343891404,,45.1952,8.05
398,1973-08-01,,1.80586907449211,,45.1308,8.496
399,1973-09-01,,0.221729490022174,,45.4862,8.815
400,1973-10-01,,0.884955752212393,,45.8531,8.77
401,1973-11-01,,0.657894736842108,,46.0654,8.582
402,1973-12-01,,0.653594771241818,,45.9344,8.5375
403,1974-01-01,,0.865800865800869,,45.6298,8.54
404,1974-02-01,,1.28755364806866,,45.4951,8.455
405,1974-03-01,,1.27118644067797,,45.4952,8.406
406,1974-04-01,,0.418410041841006,,45.3625,8.5825
407,1974-05-01,,1.24999999999999,,45.7241,8.972
408,1974-06-01,,0.823045267489716,,45.639,9.085
409,1974-07-01,,0.816326530612248,,45.7193,9.28
410,1974-08-01,,1.21457489878543,,45.2357,9.586
411,1974-09-01,,1.19999999999999,,45.2421,9.9575
412,1974-10-01,,0.988142292490123,,45.1011,9.9775
413,1974-11-01,,0.782778864970649,,43.6158,9.788
414,1974-12-01,,0.776699029126217,,42.0553,9.615
415,1975-01-01,,0.385356454720618,,41.475,9.432
416,1975-02-01,,0.767754318618033,,40.529,9.105
417,1975-03-01,,0.380952380952383,,40.0796,8.9025
418,1975-04-01,,0.379506641366226,,40.1527,8.82
419,1975-05-01,,0.567107750472592,,40.0399,8.906
420,1975-06-01,,0.751879699248124,,40.2987,8.8925
421,1975-07-01,,1.11940298507463,,40.7094,8.89
422,1975-08-01,,0.184501845018451,,41.1098,8.942
423,1975-09-01,,0.552486187845294,,41.638,9.13
424,1975-10-01,,0.549450549450552,,41.8171,9.224
425,1975-11-01,,0.728597449908928,,41.8764,9.145
426,1975-12-01,,0.361663652802895,,42.4484,9.0975
427,1976-01-01,,0.180180180180181,,43.0149,9.016
428,1976-02-01,,0.359712230215829,,43.4515,8.8125
429,1976-03-01,,0.179211469534051,,43.5359,8.755
430,1976-04-01,,0.357781753130592,,43.7593,8.73
431,1976-05-01,,0.713012477718339,,43.9359,8.765
432,1976-06-01,,0.530973451327436,,43.9918,8.8475
433,1976-07-01,,0.528169014084509,,44.2254,8.934
434,1976-08-01,,0.525394045534141,,44.5365,9.0
435,1976-09-01,,0.34843205574913,,44.6775,8.9775
436,1976-10-01,,0.520833333333336,,44.6695,8.93
437,1976-11-01,,0.172711571675303,,45.354,8.8125
438,1976-12-01,,0.344827586206898,,45.8357,8.792
439,1977-01-01,,0.515463917525775,64.5651257883006,45.5276,8.7225
440,1977-02-01,,1.02564102564103,64.6843779587165,46.2567,8.67
441,1977-03-01,,0.676818950930618,64.9149511175731,46.8356,8.6875
442,1977-04-01,,0.840336134453785,65.1570223563858,47.2898,8.752
443,1977-05-01,,0.500000000000002,65.2642632547357,47.6607,8.8275
444,1977-06-01,,0.663349917081263,65.4799913271723,48.0196,8.8575
445,1977-07-01,,0.494233937397037,65.3790901308587,48.0819,8.942
446,1977-08-01,,0.327868852459018,65.5727789532157,48.1315,8.94
447,1977-09-01,,0.326797385620916,65.70178821634,48.3308,8.896
448,1977-10-01,,0.325732899022803,65.7985646386041,48.4014,8.9225
449,1977-11-01,,0.487012987012989,66.1167365922152,48.4924,8.9225
450,1977-12-01,,0.323101777059775,66.3711523389688,48.564,8.96
451,1978-01-01,,0.6441223832528,66.422599817743,47.8693,9.015
452,1978-02-01,,0.640000000000003,66.4346099993351,48.1283,9.145
453,1978-03-01,,0.794912559618445,66.565798209353,49.0553,9.202
454,1978-04-01,,0.788643533123032,66.9278831228273,50.026,9.355
455,1978-05-01,,0.938967136150239,67.0059731006374,50.2717,9.5725
456,1978-06-01,,1.08527131782946,67.2934887859958,50.5939,9.708
457,1978-07-01,,0.766871165644175,67.0504587036808,50.5499,9.74
458,1978-08-01,,0.456621004566212,67.2960270853486,50.7622,9.785
459,1978-09-01,,0.757575757575741,67.4179842933168,50.8856,9.756
460,1978-10-01,,0.902255639097748,67.6295459073647,51.2821,9.8575
461,1978-11-01,,0.447093889716842,67.6828629903206,51.6737,10.1075
462,1978-12-01,,0.445103857566767,67.6926582638693,51.9404,10.346
463,1979-01-01,,0.886262924667655,67.7880193658241,51.6507,10.39
464,1979-02-01,,1.17130307467056,67.8901620989434,51.9097,10.4075
465,1979-03-01,,1.01302460202605,67.9508374344433,52.0667,10.426
466,1979-04-01,,1.1461318051576,67.7443125520184,51.4548,10.4975
467,1979-05-01,,1.27478753541075,67.7092193828175,51.9061,10.69
468,1979-06-01,,1.11888111888112,67.8061737907491,51.9067,11.036
469,1979-07-01,,1.10650069156294,67.9773754432418,51.8258,11.0925
470,1979-08-01,,0.95759233926129,67.7826853555054,51.49,11.094
471,1979-09-01,,1.08401084010841,68.1656604129174,51.4847,11.3
472,1979-10-01,,0.804289544235911,68.0597985024954,51.8421,11.6375
473,1979-11-01,,0.930851063829791,67.9956042799377,51.7591,12.83
474,1979-12-01,,1.0540184453228,68.2234509182862,51.7974,12.9
475,1980-01-01,,1.43415906127771,67.9935980525712,52.0677,12.8775
476,1980-02-01,,1.41388174807199,67.9541693695028,52.0899,13.04
477,1980-03-01,,1.52091254752851,67.722423685227,51.8687,15.2825
478,1980-04-01,,1.12359550561798,67.3913533857749,50.8454,16.325
479,1980-05-01,,0.987654320987642,66.9812859740626,49.5947,14.262
480,1980-06-01,,1.10024449877751,66.8218952450799,48.9621,12.71
481,1980-07-01,,0.0,66.782018392145,48.609,12.1925
482,1980-08-01,,0.725513905683195,66.6361276420974,48.7646,12.56
483,1980-09-01,,0.840336134453769,66.9101831245596,49.5764,13.1975
484,1980-10-01,,0.952380952380956,66.9504468891968,50.2058,13.792
485,1980-11-01,,0.825471698113211,66.9932839332012,51.0418,14.205
486,1980-12-01,,0.935672514619887,67.0648883298144,51.3906,14.79
487,1981-01-01,,0.811123986095021,67.2348581983247,51.0656,14.904
488,1981-02-01,,1.03448275862069,67.2679658042803,50.8554,15.1325
489,1981-03-01,,0.682593856655278,67.4036465931279,51.1107,15.4
490,1981-04-01,,0.677966101694918,67.6513515764898,50.8864,15.58
491,1981-05-01,,0.785634118967456,67.5014489743763,51.1788,16.402
492,1981-06-01,,0.890868596881964,66.9601194752756,51.4496,16.695
493,1981-07-01,,1.1037527593819,67.1603195598015,51.7764,16.832
494,1981-08-01,,0.76419213973798,67.1300337173449,51.7129,17.285
495,1981-09-01,,0.975081256771402,66.8146467881799,51.4605,18.16
496,1981-10-01,,0.214592274678112,66.8427991459414,51.0625,18.454
497,1981-11-01,,0.321199143468952,66.6402445206796,50.473,17.825
498,1981-12-01,,0.320170757737447,66.2361518065143,49.9364,16.946
499,1982-01-01,,0.319148936170214,66.3154748463962,48.9114,17.485
500,1982-02-01,,0.318133616118771,66.2878812883171,49.9102,17.5975
501,1982-03-01,,-0.105708245243129,66.1338192473732,49.5691,17.16
502,1982-04-01,,0.423280423280425,65.9356559344316,49.1146,16.892
503,1982-05-01,,0.948366701791363,66.0481036755084,48.7805,16.6775
504,1982-06-01,,1.25260960334028,65.7059941265139,48.6606,16.6975
505,1982-07-01,,0.515463917525775,65.6669553450007,48.4863,16.816
506,1982-08-01,,0.205128205128206,65.7561098005977,48.0569,16.27
507,1982-09-01,,0.204708290685774,65.6016621941324,47.9303,15.43
508,1982-10-01,,0.306435137895813,65.2936862577841,47.4738,14.608
509,1982-11-01,,-0.203665987780042,65.1593123901508,47.32,13.825
510,1982-12-01,,-0.408163265306124,65.0566038749249,46.9813,13.624
511,1983-01-01,,0.204918032786886,65.3478764412954,47.8523,13.2475
512,1983-02-01,,0.102249488752557,65.2359912634656,47.5667,13.0425
513,1983-03-01,,0.0,65.1874853332224,47.9599,12.8
514,1983-04-01,,0.715015321756898,65.2718194791477,48.5564,12.782
515,1983-05-01,,0.608519269776879,65.217135914491,48.8647,12.6325
516,1983-06-01,,0.302419354838711,65.9412487759671,49.1558,12.87
517,1983-07-01,,0.402010050251258,66.2482136606678,49.8873,13.422
518,1983-08-01,,0.300300300300302,66.4516107259948,50.4843,13.81
519,1983-09-01,,0.499001996007973,66.6358908422756,51.216,13.726
520,1983-10-01,,0.297914597815294,66.5688473514724,51.6139,13.535
521,1983-11-01,,0.198019801980199,66.9812413108,51.842,13.435
522,1983-12-01,,0.0988142292490123,67.1315462182803,52.0948,13.42
523,1984-01-01,,0.592300098716673,67.2233658001269,53.1348,13.3675
524,1984-02-01,,0.49067713444555,67.580099195358,53.3763,13.2325
525,1984-03-01,,0.195312500000001,67.6661773352724,53.6314,13.386
526,1984-04-01,,0.487329434697845,67.8482997124897,53.9491,13.6525
527,1984-05-01,,0.290979631425814,68.312301515644,54.2396,13.9425
528,1984-06-01,,0.290135396518364,68.5659672235413,54.4288,14.416
529,1984-07-01,,0.385728061716492,68.4131660958968,54.5865,14.6675
530,1984-08-01,,0.384245917387129,68.224986355429,54.653,14.47
531,1984-09-01,,0.478468899521533,68.3406293197823,54.4949,14.35
532,1984-10-01,,0.285714285714287,68.3806580200225,54.4772,14.13
533,1984-11-01,,0.0,68.5231656349906,54.6594,13.638
534,1984-12-01,,0.0,68.6059215521405,54.6892,13.18
535,1985-01-01,,0.189933523266857,68.7202300786914,54.6505,13.075
536,1985-02-01,,0.473933649289102,68.8196860114842,54.8169,12.92
537,1985-03-01,,0.377358490566039,69.012209966235,54.8978,13.17
538,1985-04-01,,0.469924812030065,68.950292885327,54.7833,13.195
539,1985-05-01,,0.37418147801684,68.9373294128484,54.8704,12.914
540,1985-06-01,,0.279589934762362,68.6540629081487,54.8401,12.215
541,1985-07-01,,0.185873605947956,68.8279785949858,54.5582,12.0325
542,1985-08-01,,0.185528756957329,68.9698928826552,54.7381,12.186
543,1985-09-01,,0.277777777777767,69.2222021549398,54.9416,12.1925
544,1985-10-01,,0.369344413665745,69.2577801159466,54.7538,12.135
545,1985-11-01,,0.275988960441584,69.2937835992211,54.939,11.784
546,1985-12-01,,0.275229357798166,69.3420303435435,55.4945,11.26
547,1986-01-01,,0.274473924977128,69.4637738999706,55.7802,10.886
548,1986-02-01,,-0.273722627737227,69.2460370904822,55.3994,10.71
549,1986-03-01,,-0.457456541628535,69.4185084731408,55.0001,10.08
550,1986-04-01,,-0.183823529411765,69.3623354171263,55.0641,9.9375
551,1986-05-01,,0.276243093922641,69.419797961417,55.1705,10.144
552,1986-06-01,,0.550964187327826,69.714206890442,54.9588,10.6825
553,1986-07-01,,0.0,69.7819985449128,55.2944,10.5075
554,1986-08-01,,0.182648401826473,69.8832781611293,55.2029,10.2
555,1986-09-01,,0.455788514129458,69.853052592674,55.3511,10.0075
556,1986-10-01,,0.0907441016333822,69.9746976826686,55.5857,9.974
557,1986-11-01,,0.090661831369006,69.9680370380579,55.803,9.695
558,1986-12-01,,0.090579710144916,70.0959007600281,56.3441,9.31
559,1987-01-01,,0.633484162895942,70.1630850499894,56.1259,9.204
560,1987-02-01,,0.359712230215829,70.2892049461393,56.8779,9.0825
561,1987-03-01,,0.448028673835115,70.3216778702031,56.9516,9.035
562,1987-04-01,,0.535236396074935,70.4990616358004,57.3177,9.8325
563,1987-05-01,,0.354924578527064,70.8083080583893,57.6774,10.596
564,1987-06-01,,0.353669319186562,70.5857076956042,57.9875,10.5375
565,1987-07-01,,0.26431718061673,70.7935178513271,58.379,10.278
566,1987-08-01,,0.527240773286458,70.9990891866144,58.8171,10.33
567,1987-09-01,,0.524475524475527,70.9154475397816,59.0391,10.8875
568,1987-10-01,,0.260869565217404,71.10611081621,59.834,11.26
569,1987-11-01,,0.0867302688638224,71.1643877569413,60.1367,10.65
570,1987-12-01,,0.0,71.2955044493011,60.4739,10.64
571,1988-01-01,,0.259965337954952,71.3207717485726,60.4594,10.3825
572,1988-02-01,,0.259291270527215,71.3798130012213,60.7643,9.8925
573,1988-03-01,,0.431034482758634,71.2707435699591,60.8948,9.93
574,1988-04-01,,0.51502145922747,71.5292161307372,61.2475,10.202
575,1988-05-01,,0.341588385994878,71.3310353940106,61.1353,10.455
576,1988-06-01,,0.425531914893608,71.589331945958,61.2995,10.46
577,1988-07-01,,0.423728813559324,71.6815310144412,61.311,10.432
578,1988-08-01,,0.421940928270033,71.8011892546298,61.6234,10.5975
579,1988-09-01,,0.672268907563028,71.8121094832777,61.4255,10.48
580,1988-10-01,,0.333889816360602,71.9367943778691,61.694,10.3025
581,1988-11-01,,0.0831946755407767,72.0351711331666,61.8494,10.265
582,1988-12-01,,0.166251039068995,72.1074536583361,62.1171,10.612
583,1989-01-01,,0.497925311203322,72.2770306592018,62.3103,10.73
584,1989-02-01,,0.41288191577208,72.3040851523971,62.0353,10.645
585,1989-03-01,,0.575657894736855,72.4109829719125,62.195,11.032
586,1989-04-01,,0.654129190515129,72.3592618677191,62.1753,11.05
587,1989-05-01,,0.56864337936636,72.3898812032118,61.8321,10.7725
588,1989-06-01,,0.242326332794821,72.5834598279276,61.8246,10.196
589,1989-07-01,,0.241740531829182,72.5971516674887,61.2285,9.8825
590,1989-08-01,,0.160771704180044,72.7036282220872,61.8334,9.985
591,1989-09-01,,0.321027287319424,72.4773565525358,61.6221,10.126
592,1989-10-01,,0.480000000000002,72.5690401621203,61.5537,9.9475
593,1989-11-01,,0.238853503184704,72.7247471269725,61.7575,9.7675
594,1989-12-01,,0.158856235107229,72.5732425061436,62.1111,9.744
595,1990-01-01,,1.03092783505156,72.4894370860495,61.7781,9.895
596,1990-02-01,,0.470957613814759,72.4675952602569,62.3426,10.1975
597,1990-03-01,,0.546874999999992,72.5123169464382,62.6446,10.268
598,1990-04-01,,0.155400155400176,72.323203884924,62.5104,10.37
599,1990-05-01,,0.232738557020917,72.5013913778077,62.6898,10.4775
600,1990-06-01,,0.541795665634708,72.4270697110809,62.8923,10.164
601,1990-07-01,,0.384911470361808,72.2828403384272,62.7933,10.035
602,1990-08-01,,0.92024539877301,72.1197633883994,63.0241,10.1
603,1990-09-01,,0.83586626139817,71.9482909626434,63.0328,10.175
604,1990-10-01,,0.602863602110005,71.9459666027128,62.6466,10.1775
605,1990-11-01,,0.224719101123606,71.6045831526851,61.8681,10.014
606,1990-12-01,,0.0,71.5698303148913,61.4345,9.6725
607,1991-01-01,,0.597907324364706,71.3589892849356,61.2241,9.6375
608,1991-02-01,,0.148588410104032,71.1839335619443,60.779,9.365
609,1991-03-01,,0.148367952522256,71.0376608477131,60.4377,9.5
610,1991-04-01,,0.148148148148129,71.2249799950624,60.5982,9.4925
611,1991-05-01,,0.295857988165682,70.8550797894149,61.2041,9.472
612,1991-06-01,,0.294985250737484,71.0325785743732,61.6923,9.615
613,1991-07-01,,0.147058823529393,70.9854528910323,61.8569,9.575
614,1991-08-01,,0.293685756240824,70.7641821301848,61.8681,9.244
615,1991-09-01,,0.439238653001466,70.9711790157078,62.3855,9.0075
616,1991-10-01,,0.145772594752206,70.843834527843,62.3229,8.855
617,1991-11-01,,0.291120815138284,70.7136065832836,62.2427,8.712
618,1991-12-01,,0.0725689404934595,70.5589589977143,61.9705,8.4975
619,1992-01-01,,0.145032632342278,70.8247895788357,61.6471,8.432
620,1992-02-01,,0.362056480810998,70.64509161631,62.0794,8.7625
621,1992-03-01,,0.505050505050536,70.695130534175,62.5955,8.935
622,1992-04-01,,0.143575017946859,70.8589650504472,63.0726,8.8525
623,1992-05-01,,0.143369175627241,70.8121962755364,63.2761,8.672
624,1992-06-01,,0.357909806728696,70.9571042731042,63.3102,8.51
625,1992-07-01,,0.213980028530681,71.1200111607473,63.8769,8.128
626,1992-08-01,,0.284697508896798,70.9260803104972,63.5221,7.975
627,1992-09-01,,0.283889283179561,70.7713522229009,63.7217,7.9225
628,1992-10-01,,0.353857041755123,70.6283481855823,64.1556,8.088
629,1992-11-01,,0.141043723554302,70.6585174669471,64.4144,8.305
630,1992-12-01,,-0.0704225352112772,70.7777006461889,64.5161,8.206
631,1993-01-01,,0.493305144467928,70.8415435766656,64.7738,7.9925
632,1993-02-01,,0.350631136044892,70.9491390647884,65.0805,7.6825
633,1993-03-01,,0.34940600978336,71.0129834375289,65.0176,7.495
634,1993-04-01,,0.278551532033427,70.9246465939985,65.2041,7.472
635,1993-05-01,,0.138888888888889,71.2001469611636,64.9433,7.465
636,1993-06-01,,0.138696255201128,71.3475835183714,65.0984,7.4175
637,1993-07-01,,0.0,71.3471155319217,65.2554,7.206
638,1993-08-01,,0.277008310249309,71.392015956619,65.1946,7.1125
639,1993-09-01,,0.207182320441981,71.2047654500902,65.5282,6.915
640,1993-10-01,,0.413507925568557,71.2208632427266,66.0152,6.834
641,1993-11-01,,0.0686341798215785,71.4605501978725,66.3292,7.155
642,1993-12-01,,0.0,71.6090405563977,66.7038,7.172
643,1994-01-01,,0.274348422496554,71.5546818339815,66.9164,7.06
644,1994-02-01,,0.34199726402188,71.6644119665758,66.9642,7.1525
645,1994-03-01,,0.340831629175198,71.5497473641674,67.6335,7.675
646,1994-04-01,,0.135869565217392,71.6432787436498,68.0334,8.316
647,1994-05-01,,0.0678426051560472,71.9550546246053,68.3531,8.5975
648,1994-06-01,,0.33898305084745,71.8095275616912,68.8002,8.3975
649,1994-07-01,,0.270270270270271,71.8357078430083,68.8863,8.614
650,1994-08-01,,0.404312668463614,72.0972049969144,69.3412,8.5125
651,1994-09-01,,0.268456375838927,72.2363837774079,69.5574,8.64
652,1994-10-01,,0.066934404283811,72.439065094431,70.119,8.925
653,1994-11-01,,0.13377926421403,72.6134820853343,70.5942,9.17
654,1994-12-01,,0.0,72.6805558416693,71.2814,9.198
655,1995-01-01,,0.400801603206414,72.5796084167921,71.4303,9.1475
656,1995-02-01,,0.399201596806389,72.7314773201482,71.3343,8.8275
657,1995-03-01,,0.331345261762749,72.7009378646405,71.4451,8.462
658,1995-04-01,,0.330250990752982,72.5981073492999,71.3289,8.32
659,1995-05-01,,0.197498354180374,72.4061599172794,71.66,7.955
660,1995-06-01,,0.197109067017092,72.4422103340273,71.8967,7.566
661,1995-07-01,,0.0,72.5457279789238,71.5924,7.6075
662,1995-08-01,,0.262295081967214,72.4757537718437,72.5339,7.86
663,1995-09-01,,0.196206671026807,72.488265636591,72.8247,7.636
664,1995-10-01,,0.326370757180149,72.5672131481479,72.713,7.475
665,1995-11-01,,-0.0650618087182741,72.4836740410666,72.8884,7.3775
666,1995-12-01,,-0.0651041666666584,72.3526800097258,73.1429,7.2
667,1996-01-01,,0.586319218241036,72.3379474956302,72.7471,7.03
668,1996-02-01,,0.323834196891202,72.5186311101476,73.7871,7.075
669,1996-03-01,,0.516462233699146,72.5943506278749,73.6749,7.624
670,1996-04-01,,0.385356454720635,72.5583805226072,74.4153,7.925
671,1996-05-01,,0.191938579654503,72.7101026473915,74.9718,8.07
672,1996-06-01,,0.0638569604086764,72.829141031058,75.5317,8.32
673,1996-07-01,,0.191448627951509,72.9926896196802,75.5323,8.245
674,1996-08-01,,0.19108280254778,73.0511309521067,75.9129,8.002
675,1996-09-01,,0.317863954227583,73.1687923971646,76.4032,8.23
676,1996-10-01,,0.316856780735101,73.2911539340761,76.3931,7.915
677,1996-11-01,,0.189513581806689,73.1555982602846,77.0672,7.618
678,1996-12-01,,0.0,73.1108974458913,77.5543,7.5975
679,1997-01-01,,0.315258511979816,73.0438189880452,77.6945,7.824
680,1997-02-01,,0.314267756128231,73.0735495712469,78.612,7.65
681,1997-03-01,,0.250626566416041,73.3545173642945,79.1021,7.8975
682,1997-04-01,,0.124999999999984,73.3652410788214,79.1683,8.1425
683,1997-05-01,,-0.0624219725343241,73.49515304679,79.6084,7.944
684,1997-06-01,,0.124921923797643,73.4546542344379,79.9802,7.69
685,1997-07-01,,0.124766063630677,73.6742329933107,80.6492,7.4975
686,1997-08-01,,0.186915887850476,73.7551998827942,81.4548,7.48
687,1997-09-01,,0.248756218905457,73.6475673081434,82.212,7.43
688,1997-10-01,,0.248138957816378,73.6616885569501,82.9309,7.294
689,1997-11-01,,-0.061881188118804,73.8106826691997,83.5919,7.205
690,1997-12-01,,-0.12383900928791,73.7474576048494,83.9696,7.095
691,1998-01-01,,0.185988840669536,73.7053763863769,84.3467,6.994
692,1998-02-01,,0.185643564356445,73.7761059660913,84.4865,7.0425
693,1998-03-01,,0.185299567634335,73.798697597069,84.5212,7.1275
694,1998-04-01,,0.184956843403215,73.8696645248306,84.8275,7.14
695,1998-05-01,,0.184615384615393,73.8809418452318,85.3596,7.144
696,1998-06-01,,0.122850122850123,73.8044566006634,84.8466,6.9975
697,1998-07-01,,0.122699386503052,73.7332331933252,84.5061,6.952
698,1998-08-01,,0.12254901960786,73.8019620676414,86.2464,6.9225
699,1998-09-01,,0.122399020807818,73.9284642337898,86.1707,6.7225
700,1998-10-01,,0.24449877750613,73.8638002680682,86.7671,6.71
701,1998-11-01,,0.0,73.9219699018442,86.6929,6.865
702,1998-12-01,,-0.0609756097561058,74.0555317866386,87.0633,6.738
703,1999-01-01,,0.244051250762677,74.0842273742613,87.4252,6.785
704,1999-02-01,,0.121728545343868,73.940104772464,87.926,6.8075
705,1999-03-01,,0.303951367781164,73.9380004725733,88.1101,7.04
706,1999-04-01,,0.727272727272714,73.8145468716425,88.3106,6.916
707,1999-05-01,,0.0,73.9775390808617,88.8487,7.145
708,1999-06-01,,0.0,73.9013786196195,88.7978,7.55
709,1999-07-01,,0.300842358604085,73.8762733972056,89.3119,7.632
710,1999-08-01,,0.239952009598097,73.9111373822852,89.7109,7.9425
711,1999-09-01,,0.478755236385384,73.8259891993498,89.3331,7.8225
712,1999-10-01,,0.178677784395466,73.9357279125433,90.4924,7.852
713,1999-11-01,,0.0594530321046454,74.0379011848994,90.965,7.7375
714,1999-12-01,,0.0,74.1145316195419,91.6804,7.912
715,2000-01-01,,0.297088532382659,74.262948311255,91.6261,8.21
716,2000-02-01,,0.592417061611377,74.282496526865,91.9626,8.325
717,2000-03-01,,0.824499411071837,74.2420260514942,92.3118,8.24
718,2000-04-01,,0.058411214953279,74.5074358484975,92.8872,8.1525
719,2000-05-01,,0.116754232340923,74.0795310698146,93.162,8.515
720,2000-06-01,,0.524781341107882,74.2129970898463,93.2168,8.288
721,2000-07-01,,0.23201856148492,73.8263952637286,93.04,8.1475
722,2000-08-01,,0.0,73.878045437264,92.79,8.0275
723,2000-09-01,,0.520833333333312,73.8620174405726,93.1547,7.912
724,2000-10-01,,0.172711571675311,73.8834533010549,92.8361,7.795
725,2000-11-01,,0.0574712643678088,73.9274213336229,92.8395,7.745
726,2000-12-01,,-0.0574382538770748,74.1172673888502,92.5334,7.382
727,2001-01-01,,0.632183908045972,73.9750260932629,92.0304,7.0325
728,2001-02-01,,0.39977155910909,73.8814145388572,91.4079,7.05
729,2001-03-01,,0.227531285551749,73.9200654395689,91.1751,6.952
730,2001-04-01,,0.3972758229285,73.5517645168955,90.8767,7.0775
731,2001-05-01,,0.452232899943458,73.396678220979,90.375,7.145
732,2001-06-01,,0.16882386043895,73.1426689313195,89.8626,7.16
733,2001-07-01,,-0.280898876404488,73.1263335025912,89.3288,7.1275
734,2001-08-01,,0.0,72.5759978152628,89.2201,6.95
735,2001-09-01,,0.450704225352114,72.793043127324,88.7478,6.8175
736,2001-10-01,,-0.33651149747618,72.4630205011504,88.4755,6.6175
737,2001-11-01,,-0.168823860438935,72.304983774745,87.9631,6.658
738,2001-12-01,,-0.394588500563707,72.2254724753132,87.9329,7.065
739,2002-01-01,,0.226372382569328,72.016936361078,88.5452,6.9975
740,2002-02-01,,0.395256916996071,72.3322025734365,88.5362,6.8925
741,2002-03-01,,0.562429696287966,72.1319101291406,89.2097,7.014
742,2002-04-01,,0.559284116331084,71.914776430061,89.6389,6.985
743,2002-05-01,,0.0,72.0263721401537,90.0271,6.806
744,2002-06-01,,0.0556173526140231,71.8410010987164,90.7645,6.65
745,2002-07-01,,0.111172873818774,71.7481011708978,90.7437,6.485
746,2002-08-01,,0.333148250971684,71.8895201377349,90.6268,6.29
747,2002-09-01,,0.16602102933039,72.0760441544809,90.7241,6.0925
748,2002-10-01,,0.165745856353599,71.8898083648196,90.4879,6.1125
749,2002-11-01,,0.0,71.541801459824,90.9823,6.068
750,2002-12-01,,-0.220628792057364,71.5700854082384,90.4919,6.0475
751,1919-01-01,,,,4.8773,
752,1919-02-01,,,,4.6617,
753,1919-03-01,,,,4.527,
754,1919-04-01,,,,4.6078,
755,1919-05-01,,,,4.6348,
756,1919-06-01,,,,4.9312,
757,1919-07-01,,,,5.2276,
758,1919-08-01,,,,5.3084,
759,1919-09-01,,,,5.2006,
760,1919-10-01,,,,5.1467,
761,1919-11-01,,,,5.0659,
762,1919-12-01,,,,5.1467,
763,1920-01-01,,,,5.6318,
764,1920-02-01,,,,5.6318,
765,1920-03-01,,,,5.524,
766,1920-04-01,,,,5.2276,
767,1920-05-01,,,,5.3623,
768,1920-06-01,,,,5.4162,
769,1920-07-01,,,,5.2815,
770,1920-08-01,,,,5.3084,
771,1920-09-01,,,,5.1198,
772,1920-10-01,,,,4.9042,
773,1920-11-01,,,,4.5,
774,1920-12-01,,,,4.2306,
775,1921-01-01,,,,3.9881,
776,1921-02-01,,,,3.9072,
777,1921-03-01,,,,3.7994,
778,1921-04-01,,,,3.7994,
779,1921-05-01,,,,3.9072,
780,1921-06-01,,,,3.8803,
781,1921-07-01,,,,3.8533,
782,1921-08-01,,,,3.9881,
783,1921-09-01,,,,4.015,
784,1921-10-01,,,,4.2575,
785,1921-11-01,,,,4.2036,
786,1921-12-01,,,,4.1767,
787,1922-01-01,,,,4.3384,
788,1922-02-01,,,,4.527,
789,1922-03-01,,,,4.7695,
790,1922-04-01,,,,4.6078,
791,1922-05-01,,,,4.8503,
792,1922-06-01,,,,5.0929,
793,1922-07-01,,,,5.0929,
794,1922-08-01,,,,4.9851,
795,1922-09-01,,,,5.2545,
796,1922-10-01,,,,5.5509,
797,1922-11-01,,,,5.7935,
798,1922-12-01,,,,5.9551,
799,1923-01-01,,,,5.8204,
800,1923-02-01,,,,5.9012,
801,1923-03-01,,,,6.0899,
802,1923-04-01,,,,6.2246,
803,1923-05-01,,,,6.3054,
804,1923-06-01,,,,6.2515,
805,1923-07-01,,,,6.1977,
806,1923-08-01,,,,6.0899,
807,1923-09-01,,,,5.9551,
808,1923-10-01,,,,5.9282,
809,1923-11-01,,,,5.9282,
810,1923-12-01,,,,5.7935,
811,1924-01-01,,,,5.9282,
812,1924-02-01,,,,6.036,
813,1924-03-01,,,,5.9282,
814,1924-04-01,,,,5.7396,
815,1924-05-01,,,,5.497,
816,1924-06-01,,,,5.2545,
817,1924-07-01,,,,5.1737,
818,1924-08-01,,,,5.3623,
819,1924-09-01,,,,5.5509,
820,1924-10-01,,,,5.6857,
821,1924-11-01,,,,5.7935,
822,1924-12-01,,,,5.9551,
823,1925-01-01,,,,6.1438,
824,1925-02-01,,,,6.1438,
825,1925-03-01,,,,6.1438,
826,1925-04-01,,,,6.1977,
827,1925-05-01,,,,6.1707,
828,1925-06-01,,,,6.1168,
829,1925-07-01,,,,6.2785,
830,1925-08-01,,,,6.1707,
831,1925-09-01,,,,6.0899,
832,1925-10-01,,,,6.3324,
833,1925-11-01,,,,6.4671,
834,1925-12-01,,,,6.548,
835,1926-01-01,,,,6.4402,
836,1926-02-01,,,,6.4402,
837,1926-03-01,,,,6.521,
838,1926-04-01,,,,6.521,
839,1926-05-01,,,,6.4671,
840,1926-06-01,,,,6.5479,
841,1926-07-01,,,,6.5749,
842,1926-08-01,,,,6.6557,
843,1926-09-01,,,,6.7635,
844,1926-10-01,,,,6.7635,
845,1926-11-01,,,,6.7366,
846,1926-12-01,,,,6.7096,
847,1927-01-01,,,,6.6827,
848,1927-02-01,,,,6.7366,
849,1927-03-01,,,,6.8174,
850,1927-04-01,,,,6.6557,
851,1927-05-01,,,,6.7096,
852,1927-06-01,,,,6.6827,
853,1927-07-01,,,,6.6018,
854,1927-08-01,,,,6.6018,
855,1927-09-01,,,,6.4941,
856,1927-10-01,,,,6.3593,
857,1927-11-01,,,,6.3593,
858,1927-12-01,,,,6.3863,
859,1928-01-01,,,,6.521,
860,1928-02-01,,,,6.5749,
861,1928-03-01,,,,6.6288,
862,1928-04-01,,,,6.6018,
863,1928-05-01,,,,6.6827,
864,1928-06-01,,,,6.7366,
865,1928-07-01,,,,6.8174,
866,1928-08-01,,,,6.9522,
867,1928-09-01,,,,7.006,
868,1928-10-01,,,,7.1408,
869,1928-11-01,,,,7.2755,
870,1928-12-01,,,,7.4102,
871,1929-01-01,,,,7.518,
872,1929-02-01,,,,7.4911,
873,1929-03-01,,,,7.518,
874,1929-04-01,,,,7.6528,
875,1929-05-01,,,,7.7875,
876,1929-06-01,,,,7.8414,
877,1929-07-01,,,,7.9492,
878,1929-08-01,,,,7.8683,
879,1929-09-01,,,,7.8144,
880,1929-10-01,,,,7.6797,
881,1929-11-01,,,,7.3025,
882,1929-12-01,,,,6.9791,
883,1930-01-01,,,,6.9791,
884,1930-02-01,,,,6.9521,
885,1930-03-01,,,,6.8444,
886,1930-04-01,,,,6.7905,
887,1930-05-01,,,,6.6827,
888,1930-06-01,,,,6.4941,
889,1930-07-01,,,,6.1977,
890,1930-08-01,,,,6.0629,
891,1930-09-01,,,,5.9551,
892,1930-10-01,,,,5.7935,
893,1930-11-01,,,,5.6587,
894,1930-12-01,,,,5.524,
895,1931-01-01,,,,5.497,
896,1931-02-01,,,,5.524,
897,1931-03-01,,,,5.6318,
898,1931-04-01,,,,5.6587,
899,1931-05-01,,,,5.5779,
900,1931-06-01,,,,5.4432,
901,1931-07-01,,,,5.3623,
902,1931-08-01,,,,5.1737,
903,1931-09-01,,,,4.9312,
904,1931-10-01,,,,4.7426,
905,1931-11-01,,,,4.6887,
906,1931-12-01,,,,4.6617,
907,1932-01-01,,,,4.527,
908,1932-02-01,,,,4.4192,
909,1932-03-01,,,,4.3653,
910,1932-04-01,,,,4.0689,
911,1932-05-01,,,,3.9342,
912,1932-06-01,,,,3.7994,
913,1932-07-01,,,,3.6916,
914,1932-08-01,,,,3.7994,
915,1932-09-01,,,,4.0419,
916,1932-10-01,,,,4.1767,
917,1932-11-01,,,,4.1767,
918,1932-12-01,,,,4.0958,
919,1933-01-01,,,,4.015,
920,1933-02-01,,,,4.0419,
921,1933-03-01,,,,3.7994,
922,1933-04-01,,,,4.0689,
923,1933-05-01,,,,4.7426,
924,1933-06-01,,,,5.4701,
925,1933-07-01,,,,5.9821,
926,1933-08-01,,,,5.7396,
927,1933-09-01,,,,5.4162,
928,1933-10-01,,,,5.1467,
929,1933-11-01,,,,4.8503,
930,1933-12-01,,,,4.8773,
931,1934-01-01,,,,5.039,
932,1934-02-01,,,,5.2815,
933,1934-03-01,,,,5.524,
934,1934-04-01,,,,5.524,
935,1934-05-01,,,,5.6318,
936,1934-06-01,,,,5.524,
937,1934-07-01,,,,5.1467,
938,1934-08-01,,,,5.0929,
939,1934-09-01,,,,4.7964,
940,1934-10-01,,,,5.012,
941,1934-11-01,,,,5.0659,
942,1934-12-01,,,,5.3893,
943,1935-01-01,,,,5.8204,
944,1935-02-01,,,,5.9282,
945,1935-03-01,,,,5.9012,
946,1935-04-01,,,,5.7935,
947,1935-05-01,,,,5.7935,
948,1935-06-01,,,,5.8743,
949,1935-07-01,,,,5.8743,
950,1935-08-01,,,,6.0899,
951,1935-09-01,,,,6.2515,
952,1935-10-01,,,,6.4402,
953,1935-11-01,,,,6.5749,
954,1935-12-01,,,,6.6557,
955,1936-01-01,,,,6.548,
956,1936-02-01,,,,6.3863,
957,1936-03-01,,,,6.4671,
958,1936-04-01,,,,6.8713,
959,1936-05-01,,,,7.006,
960,1936-06-01,,,,7.1408,
961,1936-07-01,,,,7.2755,
962,1936-08-01,,,,7.3833,
963,1936-09-01,,,,7.518,
964,1936-10-01,,,,7.6258,
965,1936-11-01,,,,7.8414,
966,1936-12-01,,,,8.0839,
967,1937-01-01,,,,8.0569,
968,1937-02-01,,,,8.1647,
969,1937-03-01,,,,8.3534,
970,1937-04-01,,,,8.3534,
971,1937-05-01,,,,8.3803,
972,1937-06-01,,,,8.2725,
973,1937-07-01,,,,8.3264,
974,1937-08-01,,,,8.2725,
975,1937-09-01,,,,8.0031,
976,1937-10-01,,,,7.4102,
977,1937-11-01,,,,6.6827,
978,1937-12-01,,,,6.0899,
979,1938-01-01,,,,5.9551,
980,1938-02-01,,,,5.9012,
981,1938-03-01,,,,5.9012,
982,1938-04-01,,,,5.7935,
983,1938-05-01,,,,5.6587,
984,1938-06-01,,,,5.7126,
985,1938-07-01,,,,6.036,
986,1938-08-01,,,,6.3593,
987,1938-09-01,,,,6.548,
988,1938-10-01,,,,6.7096,
989,1938-11-01,,,,6.9791,
990,1938-12-01,,,,7.0599,
991,1939-01-01,,,,7.0599,
992,1939-02-01,,,,7.1138,
993,1939-03-01,,,,7.1408,
994,1939-04-01,,,,7.1138,
995,1939-05-01,,,,7.0869,
996,1939-06-01,,,,7.2486,
997,1939-07-01,,,,7.4641,
998,1939-08-01,,,,7.5719,
999,1939-09-01,,,,8.03,
1000,1939-10-01,,,,8.4342,
1001,1939-11-01,,,,8.6498,
1002,1939-12-01,,,,8.6498,
1003,1940-01-01,,,,8.542,
1004,1940-02-01,,,,8.2725,
1005,1940-03-01,,,,8.0839,
1006,1940-04-01,,,,8.2456,
1007,1940-05-01,,,,8.4881,
1008,1940-06-01,,,,8.7575,
1009,1940-07-01,,,,8.8653,
1010,1940-08-01,,,,8.9192,
1011,1940-09-01,,,,9.1079,
1012,1940-10-01,,,,9.2426,
1013,1940-11-01,,,,9.4582,
1014,1940-12-01,,,,9.7815,
1015,1941-01-01,,,,10.024,
1016,1941-02-01,,,,10.3204,
1017,1941-03-01,,,,10.6438,
1018,1941-04-01,,,,10.6707,
1019,1941-05-01,,,,11.1558,
1020,1941-06-01,,,,11.2366,
1021,1941-07-01,,,,11.3713,
1022,1941-08-01,,,,11.5061,
1023,1941-09-01,,,,11.5061,
1024,1941-10-01,,,,11.6139,
1025,1941-11-01,,,,11.6678,
1026,1941-12-01,,,,11.8564,
1027,1942-01-01,,,,12.0989,
1028,1942-02-01,,,,12.3145,
1029,1942-03-01,,,,12.4492,
1030,1942-04-01,,,,12.0989,
1031,1942-05-01,,,,12.1258,
1032,1942-06-01,,,,12.1528,
1033,1942-07-01,,,,12.4492,
1034,1942-08-01,,,,12.8264,
1035,1942-09-01,,,,13.1229,
1036,1942-10-01,,,,13.554,
1037,1942-11-01,,,,13.8774,
1038,1942-12-01,,,,14.2007,
1039,1943-01-01,,,,14.3355,
1040,1943-02-01,,,,14.7127,
1041,1943-03-01,,,,14.8205,
1042,1943-04-01,,,,15.0091,
1043,1943-05-01,,,,15.1169,
1044,1943-06-01,,,,15.0361,
1045,1943-07-01,,,,15.4941,
1046,1943-08-01,,,,15.8175,
1047,1943-09-01,,,,16.2217,
1048,1943-10-01,,,,16.4642,
1049,1943-11-01,,,,16.6798,
1050,1943-12-01,,,,16.4642,
1051,1944-01-01,,,,16.6528,
1052,1944-02-01,,,,16.7876,
1053,1944-03-01,,,,16.7606,
1054,1944-04-01,,,,16.7606,
1055,1944-05-01,,,,16.6528,
1056,1944-06-01,,,,16.5989,
1057,1944-07-01,,,,16.572,
1058,1944-08-01,,,,16.7876,
1059,1944-09-01,,,,16.6798,
1060,1944-10-01,,,,16.7337,
1061,1944-11-01,,,,16.5989,
1062,1944-12-01,,,,16.545,
1063,1945-01-01,,,,16.3834,
1064,1945-02-01,,,,16.3295,
1065,1945-03-01,,,,16.2217,
1066,1945-04-01,,,,15.9253,
1067,1945-05-01,,,,15.4941,
1068,1945-06-01,,,,15.1438,
1069,1945-07-01,,,,14.7935,
1070,1945-08-01,,,,13.2576,
1071,1945-09-01,,,,12.072,
1072,1945-10-01,,,,11.5869,
1073,1945-11-01,,,,12.0181,
1074,1945-12-01,,,,12.072,
1075,1946-01-01,,,,11.3983,
1076,1946-02-01,,,,10.8324,
1077,1946-03-01,,,,11.9642,
1078,1946-04-01,,,,11.7486,
1079,1946-05-01,,,,11.3175,
1080,1946-06-01,,,,12.0181,
1081,1946-07-01,,,,12.4223,
1082,1946-08-01,,,,12.8803,
1083,1946-09-01,,,,13.1229,
1084,1946-10-01,,,,13.3654,
1085,1946-11-01,,,,13.4462,
1086,1946-12-01,,,,13.5271,
1087,1947-01-01,,,,13.6887,
1088,1947-02-01,,,,13.7696,
1089,1947-03-01,,,,13.8504,
1090,1947-04-01,,,,13.7426,
1091,1947-05-01,,,,13.7965,
1092,1947-06-01,,,,13.7965,
1093,1947-07-01,,,,13.7157,
1094,1947-08-01,,,,13.7965,
1095,1947-09-01,,,,13.9043,
1096,1947-10-01,,,,14.039,
1097,1947-11-01,,,,14.2277,
1098,1947-12-01,,,,14.2815,
1099,1948-01-01,,,,14.3624,
1100,1948-02-01,,,,14.3893,
1101,1948-03-01,,,,14.2277,
1102,1948-04-01,,,,14.2546,
1103,1948-05-01,,,,14.4971,
1104,1948-06-01,,,,14.6857,
1105,1948-07-01,,,,14.6857,
1106,1948-08-01,,,,14.6318,
1107,1948-09-01,,,,14.5241,
1108,1948-10-01,,,,14.6319,
1109,1948-11-01,,,,14.4432,
1110,1948-12-01,,,,14.3085,
1111,1949-01-01,,,,14.1738,
1112,1949-02-01,,,,14.039,
1113,1949-03-01,,,,13.7696,
1114,1949-04-01,,,,13.6887,
1115,1949-05-01,,,,13.5001,
1116,1949-06-01,,,,13.4732,
1117,1949-07-01,,,,13.4462,
1118,1949-08-01,,,,13.5809,
1119,1949-09-01,,,,13.7157,
1120,1949-10-01,,,,13.2037,
1121,1949-11-01,,,,13.554,
1122,1949-12-01,,,,13.7965,
1123,1950-01-01,,,,14.039,
1124,1950-02-01,,,,14.0929,
1125,1950-03-01,,,,14.551,
1126,1950-04-01,,,,15.036,
1127,1950-05-01,,,,15.3863,
1128,1950-06-01,,,,15.8444,
1129,1950-07-01,,,,16.3564,
1130,1950-08-01,,,,16.8684,
1131,1950-09-01,,,,16.7606,
1132,1950-10-01,,,,16.8684,
1133,1950-11-01,,,,16.8415,
1134,1950-12-01,,,,17.1379,
1135,1951-01-01,,,,17.1917,
1136,1951-02-01,,,,17.2995,
1137,1951-03-01,,,,17.3804,
1138,1951-04-01,,,,17.4073,
1139,1951-05-01,,,,17.3534,
1140,1951-06-01,,,,17.2726,
1141,1951-07-01,,,,17.0031,
1142,1951-08-01,,,,16.8415,
1143,1951-09-01,,,,16.9492,
1144,1951-10-01,,,,16.9223,
1145,1951-11-01,,,,17.057,
1146,1951-12-01,,,,17.1648,
1147,1952-01-01,,,,17.3534,
1148,1952-02-01,,,,17.4612,
1149,1952-03-01,,,,17.5151,
1150,1952-04-01,,,,17.3534,
1151,1952-05-01,,,,17.1918,
1152,1952-06-01,,,,17.0301,
1153,1952-07-01,,,,16.7606,
1154,1952-08-01,,,,17.8385,
1155,1952-09-01,,,,18.4852,
1156,1952-10-01,,,,18.6738,
1157,1952-11-01,,,,19.0511,
1158,1952-12-01,,,,19.1588,
1159,1953-01-01,,,,19.2127,
1160,1953-02-01,,,,19.3205,
1161,1953-03-01,,,,19.4822,
1162,1953-04-01,,,,19.563,
1163,1953-05-01,,,,19.6708,
1164,1953-06-01,,,,19.59,
1165,1953-07-01,,,,19.8325,
1166,1953-08-01,,,,19.7247,
1167,1953-09-01,,,,19.3205,
1168,1953-10-01,,,,19.1588,
1169,1953-11-01,,,,18.7008,
1170,1953-12-01,,,,18.2427,
1171,1954-01-01,,,,18.1079,
1172,1954-02-01,,,,18.1618,
1173,1954-03-01,,,,18.054,
1174,1954-04-01,,,,17.9462,
1175,1954-05-01,,,,18.054,
1176,1954-06-01,,,,18.1079,
1177,1954-07-01,,,,18.1349,
1178,1954-08-01,,,,18.1079,
1179,1954-09-01,,,,18.1349,
1180,1954-10-01,,,,18.3505,
1181,1954-11-01,,,,18.6469,
1182,1954-12-01,,,,18.8894,
1183,1955-01-01,,,,19.3205,
1184,1955-02-01,,,,19.563,
1185,1955-03-01,,,,20.0211,
1186,1955-04-01,,,,20.2636,
1187,1955-05-01,,,,20.587,
1188,1955-06-01,,,,20.6139,
1189,1955-07-01,,,,20.7756,
1190,1955-08-01,,,,20.7487,
1191,1955-09-01,,,,20.8834,
1192,1955-10-01,,,,21.2337,
1193,1955-11-01,,,,21.2876,
1194,1955-12-01,,,,21.3684,
1195,1956-01-01,,,,21.5032,
1196,1956-02-01,,,,21.3145,
1197,1956-03-01,,,,21.3145,
1198,1956-04-01,,,,21.4762,
1199,1956-05-01,,,,21.2876,
1200,1956-06-01,,,,21.099,
1201,1956-07-01,,,,20.4522,
1202,1956-08-01,,,,21.2876,
1203,1956-09-01,,,,21.7726,
1204,1956-10-01,,,,21.9613,
1205,1956-11-01,,,,21.7726,
1206,1956-12-01,,,,22.096,
1207,1957-01-01,,,,22.0151,
1208,1957-02-01,,,,22.2307,
1209,1957-03-01,,,,22.2038,
1210,1957-04-01,,,,21.9074,
1211,1957-05-01,,,,21.8265,
1212,1957-06-01,,,,21.8804,
1213,1957-07-01,,,,22.0151,
1214,1957-08-01,,,,22.0152,
1215,1957-09-01,,,,21.8265,
1216,1957-10-01,,,,21.5032,
1217,1957-11-01,,,,20.9912,
1218,1957-12-01,,,,20.587,
1219,1958-01-01,,,,20.2097,
1220,1958-02-01,,,,19.7786,
1221,1958-03-01,,,,19.5361,
1222,1958-04-01,,,,19.2127,
1223,1958-05-01,,,,19.4013,
1224,1958-06-01,,,,19.9133,
1225,1958-07-01,,,,20.2097,
1226,1958-08-01,,,,20.6139,
1227,1958-09-01,,,,20.8026,
1228,1958-10-01,,,,21.0451,
1229,1958-11-01,,,,21.6649,
1230,1958-12-01,,,,21.6918,
1231,1959-01-01,,,,22.0151,
1232,1959-02-01,,,,22.4463,
1233,1959-03-01,,,,22.7696,
1234,1959-04-01,,,,23.2547,
1235,1959-05-01,,,,23.605,
1236,1959-06-01,,,,23.6319,
1237,1959-07-01,,,,23.066,
1238,1959-08-01,,,,22.2846,
1239,1959-09-01,,,,22.2577,
1240,1959-10-01,,,,22.096,
1241,1959-11-01,,,,22.2307,
1242,1959-12-01,,,,23.605,
